{
    "列支敦士登": [
        47.166,
        9.555373
    ],
    "多哥": [
        8.619543,
        0.824782
    ],
    "烏克蘭": [
        48.379433,
        31.16558
    ],
    "幾內亞": [
        9.945587,
        -9.696645
    ],
    "帕勞": [
        7.514979999999999,
        134.58252
    ],
    "黎巴嫩": [
        33.854721,
        35.862285
    ],
    "塞内加爾": [
        14.497401,
        -14.452362
    ],
    "安提瓜和巴布達": [
        17.060816,
        -61.796428
    ],
    "聖馬力诺": [
        43.94236,
        12.457777
    ],
    "巴巴多斯": [
        13.193887,
        -59.543198
    ],
    "中非共和國": [
        6.611110999999999,
        20.939444
    ],
    "阿富汗": [
        33.93911,
        67.709953
    ],
    "索馬里": [
        5.152149,
        46.199616
    ],
    "瑞典": [
        60.12816100000001,
        18.643501
    ],
    "塔吉克斯坦": [
        38.861034,
        71.276093
    ],
    "沙特阿拉伯": [
        23.885942,
        45.079162
    ],
    "南非": [
        -30.559482,
        22.937506
    ],
    "吉布提": [
        11.825138,
        42.590275
    ],
    "南蘇丹": [
        6.876991899999999,
        31.3069788
    ],
    "巴拿馬": [
        8.537981,
        -80.782127
    ],
    "圭亞那": [
        4.860416,
        -58.93018
    ],
    "坦桑尼亞聯合共和國": [
        -6.369028,
        34.888822
    ],
    "安哥拉": [
        -11.202692,
        17.873887
    ],
    "東帝汶": [
        -8.874217,
        125.727539
    ],
    "墨西哥": [
        23.634501,
        -102.552784
    ],
    "保加利亞": [
        42.733883,
        25.48583
    ],
    "聖文森及格瑞那丁": [
        13.2528179,
        -61.19716279999999
    ],
    "幾內亞比索": [
        11.803749,
        -15.180413
    ],
    "密克羅尼西亞": [
        6.8874813,
        158.2150717
    ],
    "厄瓜多爾": [
        -1.831239,
        -78.18340599999999
    ],
    "前南斯拉夫的馬其顿共和國": [
        41.608635,
        21.745275
    ],
    "愛爾蘭": [
        53.41291,
        -8.24389
    ],
    "寮國": [
        19.85627,
        102.495496
    ],
    "葉門": [
        15.552727,
        48.516388
    ],
    "阿爾巴尼亞": [
        41.153332,
        20.168331
    ],
    "哥斯達黎加": [
        9.748916999999999,
        -83.753428
    ],
    "基里巴斯": [
        1.8708833,
        -157.3630262
    ],
    "委内瑞拉": [
        6.42375,
        -66.58973
    ],
    "格陵蘭": [
        71.706936,
        -42.604303
    ],
    "智利": [
        -35.675147,
        -71.542969
    ],
    "越南": [
        14.058324,
        108.277199
    ],
    "海地": [
        18.971187,
        -72.285215
    ],
    "加纳": [
        7.946527,
        -1.023194
    ],
    "牙買加": [
        18.109581,
        -77.297508
    ],
    "亞美尼亞": [
        40.069099,
        45.038189
    ],
    "洪都拉斯": [
        15.199999,
        -86.241905
    ],
    "貝寧": [
        9.30769,
        2.315834
    ],
    "黑山": [
        42.708678,
        19.37439
    ],
    "澳大利亞": [
        -25.274398,
        133.775136
    ],
    "中國": [
        35.86166,
        104.195397
    ],
    "秘鲁": [
        -9.189967,
        -75.015152
    ],
    "羅馬尼亞": [
        45.943161,
        24.96676
    ],
    "突尼斯": [
        33.886917,
        9.537499
    ],
    "摩纳哥": [
        43.73841760000001,
        7.424615799999999
    ],
    "斯威士蘭": [
        -26.522503,
        31.465866
    ],
    "佛得角": [
        15.120142,
        -23.6051721
    ],
    "盧安達": [
        -1.940278,
        29.873888
    ],
    "丹麥": [
        56.26392,
        9.501785
    ],
    "土庫曼斯坦": [
        38.969719,
        59.556278
    ],
    "新喀里多尼亞": [
        -20.904305,
        165.618042
    ],
    "南韓": [
        35.907757,
        127.766922
    ],
    "韓": [
        35.907757,
        127.766922
    ],
    "布基纳法索": [
        12.238333,
        -1.561593
    ],
    "聖露西亞": [
        13.909444,
        -60.978893
    ],
    "菲律賓": [
        12.879721,
        121.774017
    ],
    "朝鮮民主主義人民共和國": [
        40.339852,
        127.510093
    ],
    "埃及": [
        26.820553,
        30.802498
    ],
    "尼加拉瓜": [
        12.865416,
        -85.207229
    ],
    "波斯尼亞和黑塞哥维那": [
        43.915886,
        17.679076
    ],
    "斯里蘭卡": [
        7.873053999999999,
        80.77179699999999
    ],
    "馬爾地夫": [
        1.977247,
        73.5361034
    ],
    "卡塔爾": [
        25.354826,
        51.183884
    ],
    "瓜地馬拉": [
        15.783471,
        -90.23075899999999
    ],
    "巴西": [
        -14.235004,
        -51.92528
    ],
    "吉爾吉斯斯坦": [
        41.20438,
        74.766098
    ],
    "安道爾": [
        42.506285,
        1.521801
    ],
    "薩爾瓦多": [
        13.794185,
        -88.89653
    ],
    "哥倫比亞": [
        4.570868,
        -74.297333
    ],
    "俄羅斯": [
        61.52401,
        105.318756
    ],
    "科威特": [
        29.31166,
        47.481766
    ],
    "奧蘭": [
        60.1785247,
        19.9156105
    ],
    "格鲁吉亞": [
        32.1656221,
        -82.9000751
    ],
    "巴哈馬": [
        25.03428,
        -77.39627999999999
    ],
    "玻利维亞": [
        -16.290154,
        -63.58865299999999
    ],
    "烏干達": [
        1.373333,
        32.290275
    ],
    "喀麥隆": [
        7.369721999999999,
        12.354722
    ],
    "莫桑比克": [
        -18.665695,
        35.529562
    ],
    "德國": [
        51.165691,
        10.451526
    ],
    "辛巴威": [
        -19.015438,
        29.154857
    ],
    "土耳其": [
        38.963745,
        35.243322
    ],
    "新加坡": [
        1.352083,
        103.819836
    ],
    "馬耳他": [
        35.937496,
        14.375416
    ],
    "毛里塔尼亞": [
        21.00789,
        -10.940835
    ],
    "哈薩克斯坦": [
        48.019573,
        66.923684
    ],
    "巴布亞新幾內亞": [
        -6.314992999999999,
        143.95555
    ],
    "紐西蘭": [
        -40.900557,
        174.885971
    ],
    "印度": [
        20.593684,
        78.96288
    ],
    "薩摩亞": [
        -13.759029,
        -172.104629
    ],
    "馬里": [
        17.570692,
        -3.996166
    ],
    "阿拉伯聯合大公國": [
        23.424076,
        53.847818
    ],
    "吐瓦魯": [
        -7.478441800000001,
        178.6799214
    ],
    "毛里求斯": [
        -20.348404,
        57.55215200000001
    ],
    "汶萊": [
        4.535277,
        114.727669
    ],
    "冰島": [
        64.963051,
        -19.020835
    ],
    "加拿大": [
        56.130366,
        -106.346771
    ],
    "芬蘭": [
        61.92410999999999,
        25.748151
    ],
    "纳米比亞": [
        -22.95764,
        18.49041
    ],
    "布隆迪": [
        -3.373056,
        29.918886
    ],
    "蒙古": [
        46.862496,
        103.846656
    ],
    "聖多美和普林西比": [
        0.18636,
        6.613080999999999
    ],
    "阿曼": [
        21.512583,
        55.923255
    ],
    "剛果": [
        -0.228021,
        15.827659
    ],
    "馬绍爾群岛": [
        6.068393599999999,
        171.989379
    ],
    "蘇里南": [
        3.919305,
        -56.027783
    ],
    "甘比亞": [
        13.443182,
        -15.310139
    ],
    "挪威": [
        60.47202399999999,
        8.468945999999999
    ],
    "尼日利亞": [
        9.081999,
        8.675277
    ],
    "印度尼西亞": [
        -0.789275,
        113.921327
    ],
    "馬達加斯加": [
        -18.766947,
        46.869107
    ],
    "塞舌爾": [
        -4.679574,
        55.491977
    ],
    "義大利": [
        41.87194,
        12.56738
    ],
    "伊拉克": [
        33.223191,
        43.679291
    ],
    "阿爾及利亞": [
        28.033886,
        1.659626
    ],
    "不丹": [
        27.514162,
        90.433601
    ],
    "烏拉圭": [
        -32.522779,
        -55.765835
    ],
    "巴基斯坦": [
        30.375321,
        69.34511599999999
    ],
    "尼日": [
        17.607789,
        8.081666
    ],
    "西撒哈拉": [
        24.215527,
        -12.885834
    ],
    "皮特凱恩群島": [
        -24.3767452,
        -128.3242353
    ],
    "克利珀頓島": [
        10.284842,
        -109.2162498
    ],
    "爱沙尼亞": [
        58.595272,
        25.013607
    ],
    "比利時": [
        50.503887,
        4.469936
    ],
    "尼泊爾": [
        28.394857,
        84.12400799999999
    ],
    "湯加": [
        -21.178986,
        -175.198242
    ],